﻿なまえ,シロナ,リンドル,チャマ,ファイ,エメ,メルビィ
せいべつ,おんなのこ,おとこのこ,おんなのこ,おんなのこ,おんなのこ,おとこのこ
ねんれい,256さい,512さい,1024さい,2048さい,4096さい,768さい
まほう,ゆきのせいれい,もりのせいれい,だいちのせいれい,かぜのせいれい,ときのせいれい,いしのせいれい
せいかく,げんき,かしこい,やさしい,まけずぎらい,のんびり,ずるがしこい
すきなこと,あたたまること,もりのさんぽ,たべること,かつこと,ねむること,いたずら
きらいなこと,さむくなること,おばけ,ひとりぼっち,まけること,はたらくこと,おばけ
せつめい,リンドルとチャマによってつくられたゆきうさぎ。からだのこおりは、あたためられてもとけないらしい。,もりがだいすきなかめのおとこのこ。こうらはきれいなかいがらでできている。,ばけだぬきのおんなのこ。おっきいおなかがチャームポイント。なにをされてもおこらない。,しあわせとよばれたあおいとり。まけしらずなじしんか。,ねむることがだいすきなみどりいろのねこ。いちにちのはんぶんを、ねてすごしている。,めつきがわるいりすのおとこのこ。いたずらしちゃうのは、あいじょうのうらがえし？
のうりょく,ものをこおらせたり、ふぶきをふかせる。ただし、つかうとじぶんもさむくなる,しょくぶつをせいちょうさせる。ものにいのちをふきこむこともできる。,つちをねんどのようにこねて、いろいろなものをつくることができる。また、ばけだぬきのちからで、べつのものにへんしんするのうりょくをもつ。,つよいかぜをふかせる。どんなにおもいものでも、かんたんにふきとばせる。,むかしのけしきをみせる。じかんをとめたり、むかしにもどったりもできるが、とてもつかれるらしい。,いしからほうせきをつくることができる。ほうせきには、いろいろなものをとじこめることができる。
